'CHR','SNP','BP','β','SE P',,'β','SE','P','β','SE P',,'A1/A2','FRQ A','FRQ U',,,,,,,,,,,
13,'rs12552','"53',625,'781"',0.039,'0.005 6.10 · 10−19',,0.032,0.014,'2.18 · 10−2',0.047,'0.009 3.72 · 10−8',,'A/G',0.434,0.424,,,,,,,,,
1,'rs1432639','"72',813,'218"',0.039,'0.005 4.60 · 10−15',,0.036,0.014,'1.04 · 10−2',0.045,'0.009 1.32 · 10−7',,'A/C',0.611,0.598,,,,,,,,,
15,'rs8025231','"37',648,'402"','−0.030','0.005 2.40 · 10−12',,0.014,0.014,'3.15 · 10−1','−0.017','0.009 4.78 · 10−2',,'A/C',0.56,0.556,,,,,,,,,
1,'rs12129573','"73',768,'366"',0.039,'0.005 4.00 · 10−12',,0.026,0.014,'7.23 · 10−2',0.037,'0.009 2.41 · 10−5',,'A/C',0.371,0.364,,,,,,,,,
18,'rs12958048','"53',101,'598"',0.03,'0.005 3.60 · 10−11',,'−0.004',0.015,'7.78 · 10−1',0.021,'0.009 1.82 · 10−2',,'A/G',0.327,0.328,,,,,,,,,
5,'chr5:87992715:I','"87',992,'715"','−0.030','0.005 7.90 · 10−11',,'−0.003',0.014,'8.31 · 10−1',,,,'T/TA',0.407,0.405,,,,,,,,,
10,'rs61867293','"106',563,'924"','−0.041','0.006 7.00 · 10−10',,'−0.051',0.017,'2.86 · 10−3','−0.050','0.010 1.24 · 10−6',,'T/C',0.207,0.216,,,,,,,,,
14,'rs915057','"64',686,'207"','−0.030','0.005 7.60 · 10−10',,'−0.026',0.014,'6.74 · 10−2','−0.033','0.009 9.39 · 10−5',,'A/G',0.43,0.439,,,,,,,,,
5,'rs11135349','"164',523,'472"','−0.030','0.005 1.10 · 10−9',,0.013,0.014,'3.69 · 10−1','−0.014','0.009 9.49 · 10−2',,'A/C',0.441,0.432,,,,,,,,,
11,'rs1806153','"31',850,'105"',0.039,'0.006 1.20 · 10−9',,0.058,0.017,'6.59 · 10−4',0.057,'0.010 4.14 · 10−8',,'T/G',0.222,0.213,,,,,,,,,
14,'rs4904738','"42',179,'732"','−0.030','0.005 2.60 · 10−9',,'−0.013',0.014,'3.46 · 10−1','−0.026','0.009 2.13 · 10−3',,'T/C',0.561,0.566,,,,,,,,,
3,'rs7430565','"158',107,'180"','−0.030','0.005 2.90 · 10−9',,'−0.025',0.014,'7.67 · 10−2','−0.034','0.009 7.51 · 10−5',,'A/G',0.566,0.57,,,,,,,,,
14,'rs10149470','"104',17,'953"','−0.030','0.005 3.10 · 10−9',,'−0.056',0.014,'8.49 · 10−5','−0.049','0.008 8.52 · 10−9',,'A/G',0.476,0.487,,,,,,,,,
4,'rs34215985','"42',47,'778"','−0.041','0.006 3.10 · 10−9',,'−0.057',0.017,'9.48 · 10−4','−0.055','0.010 1.59 · 10−7',,'C/G',0.202,0.211,,,,,,,,,
2,'rs11682175','"57',987,'593"','−0.030','0.005 4.70 · 10−9',,'−0.024',0.014,'8.48 · 10−2','−0.033','0.008 1.01 · 10−4',,'T/C',0.529,0.536,,,,,,,,,
9,'rs10959913','"11',544,'964"',0.03,'0.006 5.10 · 10−9',,'−0.031',0.016,'5.80 · 10−2',0.007,'0.010 4.69 · 10−1',,'T/G',0.746,0.751,,,,,,,,,
5,'rs4869056','"166',992,'078"','−0.030','0.005 6.80 · 10−9',,'−0.025',0.014,'7.84 · 10−2','−0.032','0.009 2.51 · 10−4',,'A/G',0.629,0.635,,,,,,,,,
16,'rs8063603','"6',310,'645"','−0.030','0.005 6.90 · 10−9',,'−0.042',0.015,'5.62 · 10−3','−0.041','0.009 6.97 · 10−6',,'A/G',0.662,0.673,,,,,,,,,
5,'rs116755193','"124',251,'883"','−0.030','0.005 7.00 · 10−9',,'−0.009',0.015,'5.37 · 10−1','−0.025','0.009 3.64 · 10−3',,'T/C',0.386,0.391,,,,,,,,,
22,'rs5758265','"41',617,'897"',0.03,'0.005 7.60 · 10−9',,0.024,0.016,'1.20 · 10−1',0.036,'0.010 1.70 · 10−4',,'A/G',0.278,0.271,,,,,,,,,
17,'rs17727765','"27',576,'962"','−0.051','0.009 8.50 · 10−9',,0.014,0.027,'5.92 · 10−1','−0.029','0.016 7.11 · 10−2',,'T/C',0.923,0.923,,,,,,,,,
9,'rs7856424','"119',733,'595"','−0.030','0.005 8.50 · 10−9',,0,0.015,'9.94 · 10−1','−0.021','0.009 2.80 · 10−2',,'T/C',0.287,0.286,,,,,,,,,
16,'rs7198928','"7',666,'402"',0.03,'0.005 1.00 · 10−8',,'−0.005',0.014,'7.22 · 10−1',0.019,'0.009 2.54 · 10−2',,'T/C',0.61,0.61,,,,,,,,,
1,'rs2389016','"80',799,'329"',0.03,'0.005 1.00 · 10−8',,0.011,0.015,'4.86 · 10−1',0.029,'0.009 2.35 · 10−3',,'T/C',0.284,0.283,,,,,,,,,
1,'rs4261101','"90',796,'053"','−0.030','0.005 1.00 · 10−8',,'−0.011',0.014,'4.67 · 10−1','−0.026','0.009 2.74 · 10−3',,'A/G',0.357,0.357,,,,,,,,,
18,'rs62099069','"36',883,'737"','−0.030','0.005 1.30 · 10−8',,'−0.008',0.014,'5.53 · 10−1','−0.024','0.009 5.74 · 10−3',,'A/T',0.414,0.417,,,,,,,,,
7,'rs12666117','"109',105,'611"',0.03,'0.005 1.40 · 10−8',,0.007,0.014,'6.22 · 10−1',0.024,'0.008 3.86 · 10−3',,'A/G',0.474,0.474,,,,,,,,,
18,'rs11663393','"50',614,'732"',0.03,'0.005 1.60 · 10−8',,0.005,0.014,'7.09 · 10−1',0.022,'0.008 9.85 · 10−3',,'A/G',0.49,0.493,,,,,,,,,
16,'rs7200826','"13',66,'833"',0.03,'0.006 2.40 · 10−8',,0.003,0.016,'8.61 · 10−1',0.022,'0.010 2.40 · 10−2',,'T/C',0.257,0.258,,,,,,,,,
2,'rs1226412','"157',111,'313"',0.03,'0.006 2.40 · 10−8',,0.012,0.017,'4.84 · 10−1',0.032,'0.011 2.60 · 10−3',,'T/C',0.802,0.801,,,,,,,,,
9,'rs1354115','"2',983,'774"',0.03,'0.005 2.40 · 10−8',,'−0.009',0.014,'5.22 · 10−1',0.015,'0.009 9.35 · 10−2',,'A/C',0.626,0.631,,,,,,,,,
13,'rs4143229','"44',327,'799"','−0.051','0.009 2.50 · 10−8',,'−0.002',0.027,'9.35 · 10−1','−0.037','0.017 2.57 · 10−2',,'A/C',0.929,0.93,,,,,,,,,
7,'rs10950398','"12',264,'871"',0.03,'0.005 2.60 · 10−8',,'−0.017',0.014,'2.16 · 10−1',0.01,'0.009 2.34 · 10−1',,'A/G',0.418,0.424,,,,,,,,,
9,'rs7029033','"126',682,'068"',0.049,'0.009 2.70 · 10−8',,'−0.014',0.025,'5.87 · 10−1',0.027,'0.015 7.65 · 10−2',,'T/C',0.08,0.083,,,,,,,,,
6,'rs9402472','"99',566,'521"',0.03,'0.006 2.80 · 10−8',,0.004,0.016,'8.31 · 10−1',0.023,'0.010 2.14 · 10−2',,'A/G',0.235,0.234,,,,,,,,,
12,'rs4074723','"23',947,'737"','−0.030','0.005 3.10 · 10−8',,'−0.010',0.014,'4.78 · 10−1','−0.023','0.009 7.03 · 10−3',,'A/C',0.403,0.404,,,,,,,,,
1,'rs9427672','"197',754,'741"','−0.030','0.006 3.10 · 10−8',,0.041,0.017,'1.49 · 10−2','−0.005','0.010 6.26 · 10−1',,'A/G',0.227,0.218,,,,,,,,,
1,'rs159963','"8',504,'421"','−0.030','0.005 3.20 · 10−8',,'−0.021',0.014,'1.36 · 10−1','−0.031','0.009 3.32 · 10−4',,'A/C',0.569,0.577,,,,,,,,,
16,'rs11643192','"72',214,'276"',0.03,'0.005 3.40 · 10−8',,0.035,0.014,'1.31 · 10−2',0.038,'0.009 1.14 · 10−5',,'A/C',0.388,0.375,,,,,,,,,
3,'chr3:44287760:I','"44',287,'760"',0.03,'0.005 4.60 · 10−8',,0.01,0.015,'4.99 · 10−1',,,,'A/AT',0.67,0.67,,,,,,,,,
'CHR','SNP','BP','β','SE','P','β','SE','P','β','SE','P','A1/A2','FRQ A','FRQ U',,,,,,,,,,,
2,'rs12987662','"100',821,'548"',0.022,0.003,'3.25 · 10−18',0.005,0.014,'7.14 · 10−1',0.023,0.009,'1.31 · 10−2','A/C',0.399,0.399,,,,,,,,,
13,'rs9537821','"58',402,'771"',0.023,0.003,'8.61 · 10−17','−0.023',0.015,'1.26 · 10−1',0.006,0.01,'5.63 · 10−1','A/G',0.708,0.709,,,,,,,,,
1,'rs34305371','"72',733,'610"',0.036,0.004,'2.34 · 10−16',0.024,0.025,'3.35 · 10−1',0.047,0.016,'3.40 · 10−3','A/G',0.095,0.092,,,,,,,,,
12,'rs7306755','"123',767,'929"',0.025,0.003,'4.23 · 10−16',0.002,0.017,'9.03 · 10−1',0.024,0.012,'3.50 · 10−2','A/G',0.202,0.202,,,,,,,,,
2,'rs17824247','"144',152,'539"','−0.018',0.003,'5.29 · 10−13','−0.026',0.014,'6.79 · 10−2','−0.033',0.009,'4.48 · 10−4','T/C',0.574,0.578,,,,,,,,,
5,'rs61160187','"60',111,'579"','−0.018',0.003,'5.93 · 10−13','−0.026',0.014,'7.07 · 10−2','−0.033',0.009,'4.86 · 10−4','A/G',0.593,0.598,,,,,,,,,
10,'rs11191193','"103',802,'408"',0.019,0.003,'6.97 · 10−13','−0.005',0.014,'7.35 · 10−1',0.014,0.01,'1.51 · 10−1','A/G',0.634,0.63,,,,,,,,,
1,'rs11588857','"204',587,'047"',0.022,0.003,'1.31 · 10−12',0.001,0.017,'9.35 · 10−1',0.021,0.011,'6.94 · 10−2','A/G',0.213,0.214,,,,,,,,,
12,'rs2456973','"56',416,'928"','−0.018',0.003,'1.58 · 10−12','−0.015',0.015,'2.95 · 10−1','−0.027',0.01,'6.33 · 10−3','A/C',0.673,0.676,,,,,,,,,
4,'rs4863692','"140',764,'124"',0.018,0.003,'3.80 · 10−12',0.001,0.015,'9.67 · 10−1',0.017,0.01,'8.16 · 10−2','T/G',0.312,0.312,,,,,,,,,
18,'rs12969294','"35',186,'122"','−0.018',0.003,'1.11 · 10−11','−0.001',0.015,'9.22 · 10−1','−0.017',0.01,'7.87 · 10−2','A/G',0.336,0.336,,,,,,,,,
3,'rs112634398','"50',75,'494"',0.041,0.006,'2.45 · 10−11','−0.002',0.035,'9.62 · 10−1',0.034,0.021,'1.12 · 10−1','A/G',0.952,0.951,,,,,,,,,
1,'rs1008078','"91',189,'731"','−0.016',0.003,'7.88 · 10−11','−0.034',0.014,'1.70 · 10−2','−0.036',0.009,'1.09 · 10−4','T/C',0.399,0.409,,,,,,,,,
14,'rs17119973','"84',913,'111"','−0.018',0.003,'8.39 · 10−11','−0.021',0.016,'1.77 · 10−1','−0.030',0.01,'3.99 · 10−3','A/G',0.26,0.266,,,,,,,,,
1,'rs11210860','"43',982,'527"',0.016,0.003,'9.73 · 10−11',0.016,0.014,'2.54 · 10−1',0.025,0.01,'7.50 · 10−3','A/G',0.385,0.384,,,,,,,,,
10,'rs12772375','"104',82,'688"','−0.016',0.003,'1.36 · 10−10','−0.020',0.014,'1.61 · 10−1','−0.027',0.009,'3.63 · 10−3','T/G',0.424,0.429,,,,,,,,,
14,'rs1043209','"23',373,'986"',0.016,0.003,'1.37 · 10−10','−0.005',0.014,'7.01 · 10−1',0.011,0.009,'2.27 · 10−1','A/G',0.607,0.609,,,,,,,,,
2,'rs16845580','"161',920,'884"',0.016,0.003,'2.07 · 10−10',0.011,0.014,'4.52 · 10−1',0.022,0.01,'2.29 · 10−2','T/C',0.626,0.625,,,,,,,,,
12,'rs7955289','"14',653,'667"',0.016,0.003,'3.49 · 10−10','−0.004',0.014,'8.00 · 10−1',0.012,0.01,'1.95 · 10−1','A/T',0.618,0.618,,,,,,,,,
5,'rs10061788','"87',934,'707"',0.021,0.003,'5.92 · 10−10','−0.025',0.019,'1.88 · 10−1',0.003,0.012,'7.93 · 10−1','A/G',0.172,0.171,,,,,,,,,
2,'rs2457660','"60',757,'419"','−0.016',0.003,'7.33 · 10−10','−0.008',0.015,'5.82 · 10−1','−0.019',0.01,'4.19 · 10−2','T/C',0.623,0.626,,,,,,,,,
1,'rs2992632','"243',503,'764"',0.017,0.003,'7.64 · 10−10','−0.008',0.015,'5.85 · 10−1',0.01,0.01,'3.24 · 10−1','A/T',0.708,0.71,,,,,,,,,
9,'rs1871109','"1',746,'016"','−0.015',0.002,'1.18 · 10−9','−0.008',0.014,'5.86 · 10−1',,,,'T/G',0.555,0.559,,,,,,,,,
5,'rs1402025','"113',987,'898"',0.018,0.003,'1.51 · 10−9',0.062,0.017,'1.57 · 10−4',0.055,0.011,'3.67 · 10−7','T/C',0.774,0.763,,,,,,,,,
6,'rs56231335','"98',187,'291"','−0.016',0.003,'1.62 · 10−9','−0.002',0.016,'9.17 · 10−1','−0.016',0.01,'1.15 · 10−1','T/C',0.692,0.694,,,,,,,,,
3,'rs62263923','"85',674,'790"','−0.016',0.003,'1.63 · 10−9',0.001,0.015,'9.53 · 10−1','−0.014',0.01,'1.55 · 10−1','A/G',0.645,0.646,,,,,,,,,
3,'rs35761247','"48',623,'124"',0.034,0.006,'2.59 · 10−9','−0.004',0.033,'9.11 · 10−1',0.029,0.021,'1.76 · 10−1','A/G',0.049,0.049,,,,,,,,,
2,'rs13402908','"100',333,'377"','−0.015',0.002,'2.91 · 10−9',0.012,0.014,'4.02 · 10−1','−0.006',0.009,'5.12 · 10−1','T/C',0.461,0.454,,,,,,,,,
2,'rs4500960','"162',818,'621"','−0.014',0.002,'6.55 · 10−9','−0.025',0.014,'7.43 · 10−2','−0.029',0.009,'1.78 · 10−3','T/C',0.459,0.464,,,,,,,,,
17,'rs192818565','"43',991,'515"',0.019,0.003,'7.69 · 10−9','−0.077',0.017,'9.01 · 10−6',,,,'T/G',0.795,0.81,,,,,,,,,
7,'rs12671937','"92',654,'365"',0.014,0.003,'1.02 · 10−8','−0.041',0.014,'4.22 · 10−3','−0.012',0.009,'1.85 · 10−1','A/G',0.525,0.534,,,,,,,,,
7,'rs17167170','"133',302,'345"',0.017,0.003,'1.62 · 10−8',0.041,0.017,'1.72 · 10−2',0.042,0.012,'2.55 · 10−4','A/G',0.805,0.8,,,,,,,,,
5,'rs2964197','"57',535,'206"',0.014,0.002,'2.01 · 10−8',0.022,0.014,'1.17 · 10−1',0.027,0.009,'4.12 · 10−3','T/C',0.485,0.475,,,,,,,,,
5,'rs4493682','"45',188,'024"',0.019,0.003,'2.27 · 10−8','−0.005',0.019,'7.85 · 10−1',0.014,0.012,'2.67 · 10−1','C/G',0.168,0.165,,,,,,,,,
8,'rs12682297','"145',712,'860"','−0.014',0.002,'2.29 · 10−8',0.036,0.015,'1.34 · 10−2',0.009,0.009,'3.23 · 10−1','A/T',0.483,0.474,,,,,,,,,
2,'rs4851251','"100',753,'490"','−0.015',0.003,'2.83 · 10−8',0.001,0.015,'9.51 · 10−1','−0.013',0.01,'1.93 · 10−1','T/C',0.28,0.28,,,,,,,,,
11,'rs7945718','"12',748,'819"',0.014,0.003,'2.85 · 10−8',0.005,0.014,'7.27 · 10−1',0.016,0.009,'9.03 · 10−2','A/G',0.608,0.605,,,,,,,,,
2,'rs55830725','"237',56,'854"','−0.018',0.003,'3.05 · 10−8',0.008,0.019,'6.85 · 10−1','−0.012',0.012,'3.32 · 10−1','A/T',0.168,0.166,,,,,,,,,
2,'rs1606974','"51',873,'599"',0.021,0.004,'4.03 · 10−8','−0.012',0.021,'5.44 · 10−1',,,,'A/G',0.132,0.135,,,,,,,,,
1,'rs1777827','"211',613,'114"',0.014,0.003,'4.19 · 10−8',0.008,0.014,'5.76 · 10−1',0.018,0.01,'6.04 · 10−2','A/G',0.618,0.619,,,,,,,,,
9,'rs895606','"88',3,'668"',0.013,0.002,'6.90 · 10−8','−0.006',0.014,'6.65 · 10−1',0.008,0.009,'3.63 · 10−1','A/G',0.436,0.434,,,,,,,,,
12,'rs7131944','"92',159,'557"',0.013,0.003,'1.74 · 10−7',0.005,0.014,'7.08 · 10−1',0.016,0.009,'1.01 · 10−1','A/T',0.613,0.607,,,,,,,,,
1,'rs2568955','"72',762,'169"','−0.015',0.003,'1.82 · 10−7','−0.036',0.016,'2.54 · 10−2','−0.035',0.01,'6.49 · 10−4','T/C',0.281,0.293,,,,,,,,,
7,'rs11768238','"135',227,'513"','−0.014',0.003,'2.12 · 10−7','−0.004',0.015,'7.87 · 10−1','−0.015',0.01,'1.26 · 10−1','A/G',0.328,0.327,,,,,,,,,
1,'rs301800','"8',490,'603"',0.017,0.003,'2.43 · 10−7',0.016,0.018,'3.74 · 10−1',0.026,0.012,'3.46 · 10−2','T/C',0.175,0.169,,,,,,,,,
21,'rs2837992','"42',620,'520"',0.013,0.003,'3.08 · 10−7',0.004,0.015,'7.94 · 10−1',0.014,0.01,'1.33 · 10−1','T/C',0.375,0.373,,,,,,,,,
2,'rs76076331','"10',977,'585"',0.018,0.004,'3.72 · 10−7','−0.065',0.02,'1.30 · 10−3','−0.024',0.013,'6.87 · 10−2','T/C',0.136,0.146,,,,,,,,,
9,'rs7854982','"124',644,'562"','−0.013',0.002,'4.05 · 10−7',0.03,0.014,'3.12 · 10−2',0.008,0.009,'4.16 · 10−1','T/C',0.469,0.461,,,,,,,,,
4,'rs12646808','"3',249,'828"',0.013,0.003,'4.40 · 10−7','−0.007',0.015,'6.29 · 10−1',0.008,0.01,'4.37 · 10−1','T/C',0.654,0.654,,,,,,,,,
2,'rs6739979','"193',731,'929"','−0.013',0.003,'6.53 · 10−7',0.015,0.014,'2.99 · 10−1','−0.002',0.01,'8.19 · 10−1','T/C',0.628,0.627,,,,,,,,,
5,'rs324886','"87',896,'602"','−0.012',0.003,'9.67 · 10−7',0.056,0.014,'7.94 · 10−5',0.024,0.009,'1.04 · 10−2','T/C',0.403,0.395,,,,,,,,,
2,'rs11690172','"57',387,'094"',0.012,0.003,'1.44 · 10−6','−0.005',0.014,'7.47 · 10−1',0.008,0.009,'3.82 · 10−1','A/G',0.586,0.584,,,,,,,,,
7,'rs12531458','"39',90,'698"',0.011,0.002,'3.47 · 10−6',0.015,0.014,'2.90 · 10−1',0.02,0.009,'3.18 · 10−2','A/C',0.524,0.52,,,,,,,,,
5,'rs62379838','"120',102,'028"',0.012,0.003,'4.00 · 10−6','−0.010',0.015,'5.09 · 10−1',0.005,0.01,'6.17 · 10−1','T/C',0.696,0.696,,,,,,,,,
5,'rs2431108','"103',947,'968"',0.012,0.003,'4.56 · 10−6','−0.048',0.015,'1.08 · 10−3','−0.020',0.01,'4.63 · 10−2','T/C',0.666,0.677,,,,,,,,,
2,'rs10496091','"61',482,'261"','−0.012',0.003,'5.61 · 10−6',0.026,0.015,'9.64 · 10−2',0.005,0.01,'6.36 · 10−1','A/G',0.278,0.272,,,,,,,,,
6,'rs7767938','"153',367,'613"',0.013,0.003,'5.75 · 10−6','−0.016',0.016,'3.14 · 10−1',0.002,0.011,'8.79 · 10−1','T/C',0.746,0.75,,,,,,,,,
2,'rs2245901','"194',296,'294"','−0.011',0.003,'5.98 · 10−6',0.01,0.014,'4.98 · 10−1','−0.004',0.009,'6.44 · 10−1','A/G',0.408,0.407,,,,,,,,,
7,'rs113520408','"128',402,'782"',0.013,0.003,'6.59 · 10−6','−0.010',0.016,'5.27 · 10−1',0.005,0.01,'6.17 · 10−1','A/G',0.265,0.266,,,,,,,,,
3,'rs6799130','"160',847,'801"','−0.011',0.002,'8.01 · 10−6','−0.005',0.014,'7.04 · 10−1','−0.014',0.009,'1.45 · 10−1','C/G',0.536,0.54,,,,,,,,,
2,'rs11689269','"15',621,'917"',0.012,0.003,'8.35 · 10−6','−0.029',0.015,'4.68 · 10−2','−0.008',0.01,'4.21 · 10−1','C/G',0.326,0.334,,,,,,,,,
12,'rs572016','"121',279,'083"',0.011,0.002,'1.08 · 10−5',0.009,0.014,'5.40 · 10−1',0.015,0.009,'9.64 · 10−2','A/G',0.509,0.51,,,,,,,,,
22,'rs165633','"29',880,'773"','−0.012',0.003,'1.47 · 10−5','−0.018',0.017,'2.72 · 10−1','−0.023',0.011,'3.49 · 10−2','A/G',0.761,0.764,,,,,,,,,
3,'rs62259535','"48',939,'052"',0.032,0.008,'2.35 · 10−5',0.065,0.037,'7.62 · 10−2',0.064,0.023,'6.39 · 10−3','A/G',0.963,0.959,,,,,,,,,
2,'rs114598875','"60',976,'384"','−0.014',0.003,'2.71 · 10−5','−0.006',0.017,'7.05 · 10−1','−0.016',0.011,'1.65 · 10−1','A/G',0.793,0.795,,,,,,,,,
4,'rs34072092','"28',801,'221"',0.016,0.004,'1.06 · 10−4',0.018,0.023,'4.42 · 10−1',0.026,0.016,'9.22 · 10−2','T/C',0.903,0.902,,,,,,,,,
7,'rs2615691','"23',402,'104"','−0.023',0.007,'3.42 · 10−4','−0.056',0.037,'1.33 · 10−1','−0.055',0.024,'2.09 · 10−2','A/G',0.037,0.04,,,,,,,,,
4,'rs2610986','"18',37,'231"','−0.010',0.003,'3.63 · 10−4','−0.014',0.016,'3.78 · 10−1','−0.017',0.01,'8.64 · 10−2','T/C',0.665,0.667,,,,,,,,,
4,'rs3101246','"42',649,'935"','−0.008',0.003,'8.88 · 10−4','−0.015',0.014,'3.04 · 10−1','−0.017',0.009,'7.28 · 10−2','T/G',0.597,0.602,,,,,,,,,
'CHR','SNP','BP','β','SE','P','β','SE','P','β','SE','P','A1/A2','FRQ A','FRQ U',,,,,,,,,,,
6,'rs115329265','"28',712,'247"',0.186,0.016,'3.48 · 10−31',0.029,0.02,'1.49 · 10−1',,,,'A/G',0.863,0.86,,,,,,,,,
1,'rs1702294','"98',501,'984"','−0.119',0.013,'3.36 · 10−19','−0.037',0.018,'3.65 · 10−2','−0.046',0.012,'6.01 · 10−5','T/C',0.19,0.199,,,,,,,,,
10,'rs11191419','"104',612,'335"','−0.099',0.011,'6.20 · 10−19','−0.008',0.015,'5.71 · 10−1','−0.025',0.01,'8.15 · 10−3','A/T',0.35,0.351,,,,,,,,,
12,'rs2007044','"2',344,'960"','−0.092',0.011,'3.22 · 10−18',0.03,0.014,'3.59 · 10−2','−0.002',0.009,'8.48 · 10−1','A/G',0.606,0.596,,,,,,,,,
8,'rs4129585','"143',312,'933"',0.083,0.01,'1.74 · 10−15',0.008,0.014,'5.90 · 10−1',0.021,0.009,'2.15 · 10−2','A/C',0.44,0.438,,,,,,,,,
4,'rs35518360','"103',146,'890"','−0.155',0.02,'7.98 · 10−15','−0.047',0.029,'1.05 · 10−1','−0.063',0.019,'1.16 · 10−3','A/T',0.933,0.94,,,,,,,,,
7,'chr7:2025096:I','"2',25,'096"','−0.081',0.011,'8.20 · 10−15','−0.003',0.014,'8.61 · 10−1',,,,'A/ACT',0.416,0.417,,,,,,,,,
5,'rs4391122','"60',598,'543"','−0.081',0.01,'1.10 · 10−14',0.03,0.014,'3.03 · 10−2',0.002,0.009,'8.39 · 10−1','A/G',0.514,0.506,,,,,,,,,
12,'rs2851447','"123',665,'113"','−0.089',0.012,'1.86 · 10−14',0.01,0.016,'5.58 · 10−1','−0.015',0.011,'1.64 · 10−1','C/G',0.762,0.762,,,,,,,,,
15,'rs4702','"91',426,'560"','−0.081',0.011,'8.30 · 10−14','−0.023',0.014,'1.05 · 10−1','−0.031',0.009,'9.12 · 10−4','A/G',0.56,0.567,,,,,,,,,
3,'rs75968099','"36',858,'583"',0.082,0.011,'1.05 · 10−13','−0.007',0.014,'6.13 · 10−1',0.012,0.01,'2.09 · 10−1','T/C',0.362,0.365,,,,,,,,,
14,'rs12887734','"104',46,'834"',0.084,0.011,'1.36 · 10−13',0.033,0.015,'2.78 · 10−2',0.039,0.01,'1.04 · 10−4','T/G',0.301,0.296,,,,,,,,,
15,'rs8042374','"78',908,'032"',0.089,0.012,'2.44 · 10−13',0.016,0.016,'3.17 · 10−1',0.028,0.011,'9.32 · 10−3','A/G',0.772,0.77,,,,,,,,,
7,'rs13240464','"110',898,'915"',0.08,0.011,'3.03 · 10−13',0.004,0.015,'7.69 · 10−1',0.021,0.01,'3.69 · 10−2','T/C',0.674,0.679,,,,,,,,,
11,'rs10791097','"130',718,'630"',0.074,0.01,'1.09 · 10−12',0,0.014,'9.76 · 10−1',0.017,0.009,'7.43 · 10−2','T/G',0.452,0.449,,,,,,,,,
2,'rs11693094','"185',601,'420"','−0.074',0.01,'1.53 · 10−12',0.029,0.014,'3.52 · 10−2',0.003,0.009,'7.14 · 10−1','T/C',0.477,0.475,,,,,,,,,
10,'rs7893279','"18',745,'105"',0.117,0.017,'1.97 · 10−12',0.051,0.022,'2.17 · 10−2',0.054,0.014,'1.99 · 10−4','T/G',0.891,0.885,,,,,,,,,
12,'rs12826178','"57',622,'371"','−0.167',0.024,'2.02 · 10−12','−0.045',0.028,'1.04 · 10−1','−0.056',0.018,'1.69 · 10−3','T/G',0.069,0.072,,,,,,,,,
1,'rs12129573','"73',768,'366"',0.075,0.011,'2.03 · 10−12',0.026,0.014,'7.23 · 10−2',0.031,0.01,'1.27 · 10−3','A/C',0.371,0.364,,,,,,,,,
2,'rs6704768','"233',592,'501"','−0.073',0.01,'2.32 · 10−12',0.03,0.014,'3.28 · 10−2',0.003,0.009,'7.57 · 10−1','A/G',0.564,0.557,,,,,,,,,
11,'rs55661361','"124',613,'957"','−0.077',0.011,'2.80 · 10−12','−0.048',0.015,'1.19 · 10−3','−0.047',0.01,'9.97 · 10−7','A/G',0.336,0.348,,,,,,,,,
18,'rs9636107','"53',200,'117"','−0.073',0.01,'3.34 · 10−12','−0.019',0.014,'1.74 · 10−1','−0.028',0.009,'2.86 · 10−3','A/G',0.541,0.549,,,,,,,,,
11,'chr11:46350213:D','"46',350,'213"','−0.098',0.015,'1.26 · 10−11',0.038,0.02,'5.48 · 10−2',,,,'A/AG',0.157,0.152,,,,,,,,,
3,'chr3:180594593:I','"180',594,'593"','−0.090',0.013,'1.30 · 10−11','−0.009',0.017,'5.88 · 10−1',,,,'T/TA',0.783,0.788,,,,,,,,,
20,'rs6065094','"37',453,'194"','−0.074',0.011,'1.46 · 10−11','−0.001',0.015,'9.31 · 10−1','−0.017',0.01,'9.35 · 10−2','A/G',0.306,0.305,,,,,,,,,
2,'rs11682175','"57',987,'593"','−0.070',0.01,'1.47 · 10−11','−0.024',0.014,'8.48 · 10−2','−0.031',0.009,'7.62 · 10−4','T/C',0.529,0.536,,,,,,,,,
15,'rs950169','"84',706,'461"','−0.080',0.012,'1.62 · 10−11','−0.036',0.016,'1.81 · 10−2','−0.040',0.01,'8.67 · 10−5','T/C',0.269,0.277,,,,,,,,,
18,'rs72934570','"53',533,'189"','−0.135',0.02,'1.97 · 10−11','−0.038',0.025,'1.22 · 10−1','−0.050',0.016,'2.05 · 10−3','T/C',0.085,0.089,,,,,,,,,
2,'rs6434928','"198',304,'577"','−0.074',0.011,'2.06 · 10−11','−0.021',0.015,'1.48 · 10−1','−0.029',0.01,'3.13 · 10−3','A/G',0.678,0.681,,,,,,,,,
22,'rs9607782','"41',587,'556"',0.083,0.012,'2.07 · 10−11',0.025,0.016,'1.16 · 10−1',0.034,0.011,'1.64 · 10−3','A/T',0.248,0.243,,,,,,,,,
8,'rs36068923','"111',485,'761"','−0.085',0.013,'2.61 · 10−11','−0.038',0.017,'2.60 · 10−2','−0.042',0.011,'1.85 · 10−4','A/G',0.787,0.791,,,,,,,,,
3,'rs17194490','"2',547,'786"',0.096,0.014,'2.69 · 10−11',0.031,0.019,'1.05 · 10−1',0.041,0.013,'1.11 · 10−3','T/G',0.165,0.16,,,,,,,,,
11,'rs2514218','"113',392,'994"','−0.075',0.011,'2.75 · 10−11',0.006,0.015,'6.54 · 10−1','−0.012',0.01,'2.06 · 10−1','T/C',0.347,0.343,,,,,,,,,
11,'rs75059851','"133',822,'569"',0.087,0.013,'3.87 · 10−11',0.004,0.017,'7.90 · 10−1',0.021,0.011,'5.19 · 10−2','A/G',0.776,0.771,,,,,,,,,
3,'rs2535627','"52',845,'105"',0.068,0.01,'4.26 · 10−11',0.052,0.014,'1.91 · 10−4',0.047,0.009,'2.51 · 10−7','T/C',0.53,0.516,,,,,,,,,
16,'rs12691307','"29',939,'877"',0.071,0.011,'4.55 · 10−11',0.023,0.014,'1.05 · 10−1',0.029,0.009,'1.55 · 10−3','A/G',0.456,0.449,,,,,,,,,
3,'rs7432375','"136',288,'405"','−0.069',0.011,'7.26 · 10−11',0.017,0.014,'2.20 · 10−1','−0.004',0.009,'6.32 · 10−1','A/G',0.414,0.412,,,,,,,,,
18,'chr18:52749216:D','"52',749,'216"',0.069,0.011,'8.03 · 10−11',0.005,0.014,'7.12 · 10−1',,,,'GA/G',0.588,0.585,,,,,,,,,
5,'rs111294930','"152',177,'121"',0.09,0.014,'1.06 · 10−10','−0.004',0.015,'7.83 · 10−1',0.012,0.01,'2.17 · 10−1','A/G',0.693,0.691,,,,,,,,,
5,'rs2973155','"152',608,'619"','−0.069',0.011,'1.11 · 10−10','−0.015',0.014,'3.03 · 10−1','−0.023',0.01,'1.50 · 10−2','T/C',0.354,0.358,,,,,,,,,
17,'rs4523957','"2',208,'899"',0.069,0.011,'2.86 · 10−10',0.011,0.014,'4.60 · 10−1',0.021,0.009,'2.51 · 10−2','T/G',0.624,0.619,,,,,,,,,
7,'rs12704290','"86',427,'626"','−0.101',0.016,'3.33 · 10−10','−0.030',0.021,'1.57 · 10−1','−0.042',0.014,'3.11 · 10−3','A/G',0.12,0.122,,,,,,,,,
15,'rs12903146','"61',854,'663"',0.065,0.01,'3.38 · 10−10','−0.011',0.014,'4.11 · 10−1',0.007,0.009,'4.44 · 10−1','A/G',0.541,0.543,,,,,,,,,
1,'rs11210892','"44',100,'084"','−0.069',0.011,'3.39 · 10−10','−0.011',0.015,'4.60 · 10−1','−0.022',0.01,'2.60 · 10−2','A/G',0.672,0.675,,,,,,,,,
19,'rs2905426','"19',478,'022"','−0.069',0.011,'3.63 · 10−10','−0.025',0.014,'7.88 · 10−2','−0.029',0.01,'1.99 · 10−3','T/G',0.621,0.626,,,,,,,,,
1,'rs140505938','"150',31,'490"','−0.090',0.014,'4.49 · 10−10',0.028,0.018,'1.24 · 10−1','−0.001',0.012,'9.33 · 10−1','T/C',0.17,0.167,,,,,,,,,
1,'rs4648845','"2',387,'101"',0.07,0.011,'8.70 · 10−10','−0.025',0.016,'1.18 · 10−1',0.001,0.009,'9.43 · 10−1','T/C',0.505,0.513,,,,,,,,,
16,'rs7405404','"13',749,'859"',0.075,0.012,'1.00 · 10−9',0.057,0.017,'5.67 · 10−4',0.054,0.011,'1.47 · 10−6','T/C',0.226,0.215,,,,,,,,,
7,'rs6466055','"104',929,'064"',0.066,0.011,'1.13 · 10−9',0.05,0.015,'5.75 · 10−4',0.046,0.01,'1.82 · 10−6','A/C',0.357,0.345,,,,,,,,,
1,'chr1:8424984:D','"8',424,'984"',0.068,0.011,'1.17 · 10−9',0.004,0.015,'7.76 · 10−1',,,,'GA/G',0.342,0.343,,,,,,,,,
12,'rs4766428','"110',723,'245"',0.065,0.011,'1.40 · 10−9',0.002,0.014,'8.59 · 10−1',0.016,0.009,'8.39 · 10−2','T/C',0.445,0.442,,,,,,,,,
4,'rs10520163','"170',626,'552"',0.063,0.01,'1.47 · 10−9',0.03,0.014,'2.90 · 10−2',0.032,0.009,'4.54 · 10−4','T/C',0.502,0.497,,,,,,,,,
6,'rs117074560','"96',459,'651"','−0.163',0.027,'1.64 · 10−9','−0.029',0.033,'3.81 · 10−1','−0.051',0.022,'2.06 · 10−2','T/C',0.046,0.047,,,,,,,,,
22,'rs6002655','"42',603,'814"',0.064,0.011,'1.71 · 10−9',0.031,0.014,'3.05 · 10−2',0.033,0.009,'4.15 · 10−4','T/C',0.431,0.424,,,,,,,,,
2,'chr2:146436222:I','"146',436,'222"',0.083,0.014,'1.81 · 10−9','−0.016',0.018,'3.83 · 10−1',,,,'TC/T',0.172,0.175,,,,,,,,,
11,'rs9420','"57',510,'294"',0.066,0.011,'2.24 · 10−9',0.032,0.015,'2.74 · 10−2',0.033,0.01,'7.00 · 10−4','A/G',0.331,0.324,,,,,,,,,
11,'rs11027857','"24',403,'620"',0.062,0.01,'2.55 · 10−9',0.002,0.014,'8.77 · 10−1',0.015,0.009,'9.56 · 10−2','A/G',0.511,0.509,,,,,,,,,
1,'rs1498232','"30',433,'951"',0.067,0.011,'2.86 · 10−9',0.019,0.015,'1.91 · 10−1',0.027,0.01,'6.59 · 10−3','T/C',0.321,0.319,,,,,,,,,
7,'rs3735025','"137',74,'844"',0.064,0.011,'3.28 · 10−9',0.03,0.015,'4.19 · 10−2',0.033,0.01,'7.12 · 10−4','T/C',0.654,0.648,,,,,,,,,
9,'rs11139497','"84',739,'941"',0.066,0.011,'3.61 · 10−9',0.018,0.015,'2.26 · 10−1',0.026,0.01,'9.44 · 10−3','A/T',0.319,0.314,,,,,,,,,
'""',,,,,,,,,,,,,,,,,,,,,,,,,
1,'rs77149735','"243',555,'105"',0,276,,0.047,,'.73 · 10−9',0,107,,0.041,,'.11 · 10−3',,,,,,,'A/G',0.032,0.03
'"15',,,,,,,,,,,,,,,,,,,,,,,,,
'rs5620572840',567,'2370.0710.0124.18 · 10−9',,,,,,,,,,,,,,,,,,,,,,,
'0.0060.0167.09 · 10−1',,,,,,,,,,,,,,,,,,,,,,,,,
'0.0170.0109.38 · 10−2',,,,,,,,,,,,,,,,,,,,,,,,,
'A/G0.2810.278"',,,,,,,,,,,,,,,,,,,,,,,,,
19,'rs2053079','"30',987,'423"','−0',71,,0.012,,'.49 · 10−9',0,23,,0.016,,'.59 · 10−1','−',0.001,0,11,9,'18 · 10−1','A/G',0.761,0.755
'"5',,,,,,,,,,,,,,,,,,,,,,,,,
'rs1686757688',746,'3310.0970.0174.61 · 10−9',,,,,,,,,,,,,,,,,,,,,,,
'0.0330.0209.65 · 10−2',,,,,,,,,,,,,,,,,,,,,,,,,
'0.0390.0132.93 · 10−3',,,,,,,,,,,,,,,,,,,,,,,,,
'A/G0.8600.854"',,,,,,,,,,,,,,,,,,,,,,,,,
3,'rs4330281','"17',859,'366"','−0',62,,0.011,,'.64 · 10−9',0,14,,0.014,,'.05 · 10−1','−',0.003,0,9,7,'24 · 10−1','T/C',0.512,0.506
'"5',,,,,,,,,,,,,,,,,,,,,,,,,
'rs3849046137',851,'1920.0610.0104.67 · 10−9',,,,,,,,,,,,,,,,,,,,,,,
'0.0180.0141.94 · 10−1',,,,,,,,,,,,,,,,,,,,,,,,,
'0.0240.0098.27 · 10−3',,,,,,,,,,,,,,,,,,,,,,,,,
'T/C0.5550.553"',,,,,,,,,,,,,,,,,,,,,,,,,
14,'rs2693698','"99',719,'219"','−0',63,,0.011,,'.80 · 10−9','−0',18,,0.014,,'.09 · 10−1','−',0.024,0,9,1,'05 · 10−2','A/G',0.463,0.469
'"14',,,,,,,,,,,,,,,,,,,,,,,,,
'rs233270072',417,'3260.0700.0124.86 · 10−9',,,,,,,,,,,,,,,,,,,,,,,
'0.0340.0163.37 · 10−2',,,,,,,,,,,,,,,,,,,,,,,,,
'0.0370.0114.84 · 10−4',,,,,,,,,,,,,,,,,,,,,,,,,
'C/G0.2600.255"',,,,,,,,,,,,,,,,,,,,,,,,,
5,'rs1501357','"45',364,'875"','−0',77,,0.013,,'.00 · 10−9',0,0,,0.018,,'.76 · 10−1','−',0.017,0,12,1,'71 · 10−1','T/C',0.822,0.823
'"8',,,,,,,,,,,,,,,,,,,,,,,,,
'rs698424260',700,'469−0.061',,,,,,,,,,,,,,,,,,,,,,,
'0.0116.00 · 10−9',,,,,,,,,,,,,,,,,,,,,,,,,
'−0.004',,,,,,,,,,,,,,,,,,,,,,,,,
'0.0147.74 · 10−1',,,,,,,,,,,,,,,,,,,,,,,,,
'−0.016',,,,,,,,,,,,,,,,,,,,,,,,,
'0.0099.08 · 10−2',,,,,,,,,,,,,,,,,,,,,,,,,
'A/G0.6080.612"',,,,,,,,,,,,,,,,,,,,,,,,,
1,'chr1:243881945:I','"243',881,'945"',0,66,,0.011,,'.53 · 10−9','−0',8,,0.015,,'.90 · 10−1',,,,,,,'A/AT',0.317,0.317
'"5',,,,,,,,,,,,,,,,,,,,,,,,,
'rs79212538151',993,'1040.1440.0257.00 · 10−9',,,,,,,,,,,,,,,,,,,,,,,
'0.0390.0332.37 · 10−1',,,,,,,,,,,,,,,,,,,,,,,,,
'0.0550.0221.28 · 10−2',,,,,,,,,,,,,,,,,,,,,,,,,
'T/G0.0470.046"',,,,,,,,,,,,,,,,,,,,,,,,,
2,'rs3768644','"72',361,'505"','−0',101,,0.017,,'.39 · 10−9','−0',12,,0.023,,'.09 · 10−1','−',0.026,0,15,7,'96 · 10−2','A/G',0.106,0.107
'"11',,,,,,,,,,,,,,,,,,,,,,,,,
'rs77502336123',394,'6360.0640.0117.54 · 10−9',,,,,,,,,,,,,,,,,,,,,,,
'0.0160.0153.04 · 10−1',,,,,,,,,,,,,,,,,,,,,,,,,
'0.0250.0101.27 · 10−2',,,,,,,,,,,,,,,,,,,,,,,,,
'C/G0.3090.303"',,,,,,,,,,,,,,,,,,,,,,,,,
2,'rs6704641','"200',164,'252"',0,78,,0.014,,'.33 · 10−9','−0',16,,0.018,,'.83 · 10−1',,0.007,0,12,5,'77 · 10−1','A/G',0.817,0.818
'"2',,,,,,,,,,,,,,,,,,,,,,,,,
'rs59979824193',848,'340−0.065',,,,,,,,,,,,,,,,,,,,,,,
'0.0118.41 · 10−9',,,,,,,,,,,,,,,,,,,,,,,,,
'−0.021',,,,,,,,,,,,,,,,,,,,,,,,,
'0.0151.48 · 10−1',,,,,,,,,,,,,,,,,,,,,,,,,
'−0.027',,,,,,,,,,,,,,,,,,,,,,,,,
'0.0104.63 · 10−3',,,,,,,,,,,,,,,,,,,,,,,,,
'A/C0.3440.351"',,,,,,,,,,,,,,,,,,,,,,,,,
4,'rs1106568','"176',861,'301"','−0',68,,0.012,,'.47 · 10−9','−0',24,,0.016,,'.23 · 10−1','−',0.03,0,11,4,'89 · 10−3','A/G',0.742,0.744
'"8',,,,,,,,,,,,,,,,,,,,,,,,,
'rs105032534',180,'8440.0710.0121.06 · 10−8',,,,,,,,,,,,,,,,,,,,,,,
'−0.001',,,,,,,,,,,,,,,,,,,,,,,,,
'0.0179.43 · 10−1',,,,,,,,,,,,,,,,,,,,,,,,,
'0.0150.0111.87 · 10−1',,,,,,,,,,,,,,,,,,,,,,,,,
'A/C0.2070.208"',,,,,,,,,,,,,,,,,,,,,,,,,
5,'rs10043984','"137',712,'121"',0,67,,0.012,,'.09 · 10−8',0,33,,0.016,,'.21 · 10−2',,0.035,0,11,1,'05 · 10−3','T/C',0.249,0.239
'"2',,,,,,,,,,,,,,,,,,,,,,,,,
'rs11685299225',391,'296−0.063',,,,,,,,,,,,,,,,,,,,,,,
'0.0111.12 · 10−8',,,,,,,,,,,,,,,,,,,,,,,,,
'0.0370.0151.22 · 10−2',,,,,,,,,,,,,,,,,,,,,,,,,
'0.0090.0103.79 · 10−1',,,,,,,,,,,,,,,,,,,,,,,,,
'A/C0.3330.322"',,,,,,,,,,,,,,,,,,,,,,,,,
8,'rs7819570','"89',588,'626"',0,76,,0.013,,'.22 · 10−8',0,6,,0.018,,'.34 · 10−1',,0.021,0,12,7,'97 · 10−2','T/G',0.179,0.178
'"18',,,,,,,,,,,,,,,,,,,,,,,,,
'rs71517053',795,'514−0.067',,,,,,,,,,,,,,,,,,,,,,,
'0.0121.27 · 10−8',,,,,,,,,,,,,,,,,,,,,,,,,
'0.0480.0162.05 · 10−3',,,,,,,,,,,,,,,,,,,,,,,,,
'0.0160.0101.14 · 10−1',,,,,,,,,,,,,,,,,,,,,,,,,
'T/C0.2750.265"',,,,,,,,,,,,,,,,,,,,,,,,,
16,'rs9922678','"9',946,'319"',0,65,,0.011,,'.28 · 10−8',0,26,,0.015,,'.46 · 10−2',,0.031,0,10,2,'90 · 10−3','A/G',0.284,0.276
'"18',,,,,,,,,,,,,,,,,,,,,,,,,
'rs7832226653',63,'6760.1730.0301.32 · 10−8',,,,,,,,,,,,,,,,,,,,,,,
'0.0600.0421.55 · 10−1',,,,,,,,,,,,,,,,,,,,,,,,,
'0.0810.0295.13 · 10−3',,,,,,,,,,,,,,,,,,,,,,,,,
'T/G0.0290.026"',,,,,,,,,,,,,,,,,,,,,,,,,
14,'rs2068012','"30',190,'316"','−0',70,,0.012,,'.41 · 10−8','−0',10,,0.016,,'.46 · 10−1','−',0.02,0,11,6,'11 · 10−2','T/C',0.759,0.759
'"3',,,,,,,,,,,,,,,,,,,,,,,,,
'rs83218763',833,'050−0.060',,,,,,,,,,,,,,,,,,,,,,,
'0.0111.43 · 10−8',,,,,,,,,,,,,,,,,,,,,,,,,
'−0.025',,,,,,,,,,,,,,,,,,,,,,,,,
'0.0158.42 · 10−2',,,,,,,,,,,,,,,,,,,,,,,,,
'−0.029',,,,,,,,,,,,,,,,,,,,,,,,,
'0.0102.48 · 10−3',,,,,,,,,,,,,,,,,,,,,,,,,
'T/C0.6370.644"',,,,,,,,,,,,,,,,,,,,,,,,,
16,'rs8044995','"68',189,'340"',0,78,,0.014,,'.51 · 10−8','−0',17,,0.019,,'.52 · 10−1',,0.007,0,12,5,'68 · 10−1','A/G',0.167,0.17
'"2',,,,,,,,,,,,,,,,,,,,,,,,,
'chr2:149429178:D149',429,'178−0.154',,,,,,,,,,,,,,,,,,,,,,,
'0.0271.59 · 10−8',,,,,,,,,,,,,,,,,,,,,,,,,
'0.0550.0306.71 · 10−2',,,,,,,,,,,,,,,,,,,,,,,,,
'A/AT0.0590.057"',,,,,,,,,,,,,,,,,,,,,,,,,
17,'rs8082590','"17',958,'402"','−0',63,,0.011,,'.77 · 10−8',0,37,,0.015,,'.51 · 10−2',,0.008,0,10,4,'44 · 10−1','A/G',0.698,0.694
'"15',,,,,,,,,,,,,,,,,,,,,,,,,
'rs1214833770',589,'2720.0580.0101.79 · 10−8',,,,,,,,,,,,,,,,,,,,,,,
'0.0060.0146.67 · 10−1',,,,,,,,,,,,,,,,,,,,,,,,,
'0.0160.0097.73 · 10−2',,,,,,,,,,,,,,,,,,,,,,,,,
'T/C0.4560.453"',,,,,,,,,,,,,,,,,,,,,,,,,
16,'rs12325245','"58',681,'393"','−0',84,,0.015,,'.87 · 10−8','−0',13,,0.02,,'.34 · 10−1','−',0.028,0,14,3,'99 · 10−2','A/T',0.863,0.867
'"12',,,,,,,,,,,,,,,,,,,,,,,,,
'rs22390632',511,'8310.0650.0121.93 · 10−8',,,,,,,,,,,,,,,,,,,,,,,
'−0.004',,,,,,,,,,,,,,,,,,,,,,,,,
'0.0168.00 · 10−1',,,,,,,,,,,,,,,,,,,,,,,,,
'0.0130.0102.05 · 10−1',,,,,,,,,,,,,,,,,,,,,,,,,
'A/C0.7250.727"',,,,,,,,,,,,,,,,,,,,,,,,,
5,'rs12522290','"152',797,'656"',0,81,,0.014,,'.99 · 10−8',0,12,,0.018,,'.08 · 10−1',,0.024,0,12,4,'97 · 10−2','C/G',0.826,0.823
'"1',,,,,,,,,,,,,,,,,,,,,,,,,
'rs10803138243',555,'219−0.069',,,,,,,,,,,,,,,,,,,,,,,
'0.0122.03 · 10−8',,,,,,,,,,,,,,,,,,,,,,,,,
'0.0100.0165.28 · 10−1',,,,,,,,,,,,,,,,,,,,,,,,,
'−0.008',,,,,,,,,,,,,,,,,,,,,,,,,
'0.0114.33 · 10−1',,,,,,,,,,,,,,,,,,,,,,,,,
'A/G0.2590.258"',,,,,,,,,,,,,,,,,,,,,,,,,
8,'rs73229090','"27',442,'127"','−0',97,,0.017,,'.10 · 10−8','−0',30,,0.022,,'.81 · 10−1','−',0.039,0,15,7,'31 · 10−3','A/C',0.11,0.113
'"12',,,,,,,,,,,,,,,,,,,,,,,,,
'rs32401757',487,'814−0.064',,,,,,,,,,,,,,,,,,,,,,,
'0.0112.13 · 10−8',,,,,,,,,,,,,,,,,,,,,,,,,
'0.0020.0158.94 · 10−1',,,,,,,,,,,,,,,,,,,,,,,,,
'−0.012',,,,,,,,,,,,,,,,,,,,,,,,,
'0.0102.40 · 10−1',,,,,,,,,,,,,,,,,,,,,,,,,
'A/C0.2920.294"',,,,,,,,,,,,,,,,,,,,,,,,,
10,'rs55833108','"104',741,'583"',0,73,,0.013,,'.23 · 10−8',0,7,,0.017,,'.96 · 10−1',,0.021,0,11,6,'23 · 10−2','T/G',0.208,0.209
'"3',,,,,,,,,,,,,,,,,,,,,,,,,
'rs9841616181',167,'585−0.078',,,,,,,,,,,,,,,,,,,,,,,
'0.0142.35 · 10−8',,,,,,,,,,,,,,,,,,,,,,,,,
'−0.020',,,,,,,,,,,,,,,,,,,,,,,,,
'0.0192.86 · 10−1',,,,,,,,,,,,,,,,,,,,,,,,,
'−0.031',,,,,,,,,,,,,,,,,,,,,,,,,
'0.0131.49 · 10−2',,,,,,,,,,,,,,,,,,,,,,,,,
'A/T0.1580.157"',,,,,,,,,,,,,,,,,,,,,,,,,
1,'rs76869799','"97',834,'525"','−0',167,,0.03,,'.64 · 10−8',0,48,,0.042,,'.49 · 10−1','−',0.004,0,26,8,'65 · 10−1','C/G',0.968,0.967
'"6',,,,,,,,,,,,,,,,,,,,,,,,,
'rs133922773',155,'701−0.060',,,,,,,,,,,,,,,,,,,,,,,
'0.0112.69 · 10−8',,,,,,,,,,,,,,,,,,,,,,,,,
'−0.026',,,,,,,,,,,,,,,,,,,,,,,,,
'0.0157.58 · 10−2',,,,,,,,,,,,,,,,,,,,,,,,,
'−0.028',,,,,,,,,,,,,,,,,,,,,,,,,
'0.0102.81 · 10−3',,,,,,,,,,,,,,,,,,,,,,,,,
'T/C0.3580.369"',,,,,,,,,,,,,,,,,,,,,,,,,
7,'chr7:24747494:D','"24',747,'494"',0,96,,0.017,,'.85 · 10−8','−0',65,,0.023,,'.06 · 10−3',,,,,,,'CTA/C',0.896,0.901
'"5',,,,,,,,,,,,,,,,,,,,,,,,,
'rs4388249109',36,'0660.0730.0133.05 · 10−8',,,,,,,,,,,,,,,,,,,,,,,
'0.0120.0195.20 · 10−1',,,,,,,,,,,,,,,,,,,,,,,,,
'0.0230.0126.00 · 10−2',,,,,,,,,,,,,,,,,,,,,,,,,
'T/C0.1740.172"',,,,,,,,,,,,,,,,,,,,,,,,,
4,'rs215411','"23',423,'603"',0,62,,0.011,,'.06 · 10−8',0,26,,0.015,,'.98 · 10−2',,0.029,0,10,2,'28 · 10−3','A/T',0.348,0.346
'"5',,,,,,,,,,,,,,,,,,,,,,,,,
'rs11740474153',680,'747−0.060',,,,,,,,,,,,,,,,,,,,,,,
'0.0113.15 · 10−8',,,,,,,,,,,,,,,,,,,,,,,,,
'−0.020',,,,,,,,,,,,,,,,,,,,,,,,,
'0.0141.57 · 10−1',,,,,,,,,,,,,,,,,,,,,,,,,
'−0.025',,,,,,,,,,,,,,,,,,,,,,,,,
'0.0096.17 · 10−3',,,,,,,,,,,,,,,,,,,,,,,,,
'A/T0.5720.575"',,,,,,,,,,,,,,,,,,,,,,,,,
22,'rs1023500','"42',340,'844"',0,73,,0.013,,'.43 · 10−8',0,23,,0.018,,'.14 · 10−1',,0.031,0,12,9,'73 · 10−3','T/C',0.821,0.821
'"11',,,,,,,,,,,,,,,,,,,,,,,,,
'rs12421382109',378,'071−0.061',,,,,,,,,,,,,,,,,,,,,,,
'0.0113.70 · 10−8',,,,,,,,,,,,,,,,,,,,,,,,,
'−0.020',,,,,,,,,,,,,,,,,,,,,,,,,
'0.0151.76 · 10−1',,,,,,,,,,,,,,,,,,,,,,,,,
'−0.026',,,,,,,,,,,,,,,,,,,,,,,,,
'0.0107.52 · 10−3',,,,,,,,,,,,,,,,,,,,,,,,,
'T/C0.3330.341"',,,,,,,,,,,,,,,,,,,,,,,,,
7,'rs211829','"110',48,'893"',0,59,,0.011,,'.71 · 10−8',0,45,,0.014,,'.60 · 10−3',,0.039,0,9,3,'77 · 10−5','T/C',0.631,0.619
'"12',,,,,,,,,,,,,,,,,,,,,,,,,
'rs67908729',917,'265−0.061',,,,,,,,,,,,,,,,,,,,,,,
'0.0113.91 · 10−8',,,,,,,,,,,,,,,,,,,,,,,,,
'0.0010.0149.38 · 10−1',,,,,,,,,,,,,,,,,,,,,,,,,
'−0.012',,,,,,,,,,,,,,,,,,,,,,,,,
'0.0102.23 · 10−1',,,,,,,,,,,,,,,,,,,,,,,,,
'A/C0.3610.363"',,,,,,,,,,,,,,,,,,,,,,,,,
2,'rs75575209','"58',138,'192"','−0',103,,0.019,,'.95 · 10−8','−0',16,,0.025,,'.20 · 10−1','−',0.033,0,17,4,'94 · 10−2','A/T',0.914,0.917
'"7',,,,,,,,,,,,,,,,,,,,,,,,,
'rs7801375131',567,'263−0.079',,,,,,,,,,,,,,,,,,,,,,,
'0.0144.42 · 10−8',,,,,,,,,,,,,,,,,,,,,,,,,
'−0.026',,,,,,,,,,,,,,,,,,,,,,,,,
'0.0191.60 · 10−1',,,,,,,,,,,,,,,,,,,,,,,,,
'−0.034',,,,,,,,,,,,,,,,,,,,,,,,,
'0.0126.59 · 10−3',,,,,,,,,,,,,,,,,,,,,,,,,
'A/G0.1580.162"',,,,,,,,,,,,,,,,,,,,,,,,,
1,'rs14403','"243',663,'893"','−0',68,,0.013,,'.42 · 10−8',0,0,,0.017,,'.88 · 10−1','−',0.015,0,11,1,'63 · 10−1','T/C',0.221,0.223
'"1',,,,,,,,,,,,,,,,,,,,,,,,,
'rs6670165177',280,'1210.0720.0134.45 · 10−8',,,,,,,,,,,,,,,,,,,,,,,
'0.0330.0175.74 · 10−2',,,,,,,,,,,,,,,,,,,,,,,,,
'0.0370.0121.50 · 10−3',,,,,,,,,,,,,,,,,,,,,,,,,
'T/C0.2020.198"',,,,,,,,,,,,,,,,,,,,,,,,,
1,'rs7523273','"207',977,'083"',0,61,,0.011,,'.47 · 10−8','−0',10,,0.015,,'.00 · 10−1',,0.006,0,10,5,'36 · 10−1','A/G',0.645,0.642
'"20',,,,,,,,,,,,,,,,,,,,,,,,,
'rs726734848',131,'036−0.065',,,,,,,,,,,,,,,,,,,,,,,
'0.0124.56 · 10−8',,,,,,,,,,,,,,,,,,,,,,,,,
'−0.027',,,,,,,,,,,,,,,,,,,,,,,,,
'0.0168.79 · 10−2',,,,,,,,,,,,,,,,,,,,,,,,,
'−0.032',,,,,,,,,,,,,,,,,,,,,,,,,
'0.0113.14 · 10−3',,,,,,,,,,,,,,,,,,,,,,,,,
'T/C0.7540.761"',,,,,,,,,,,,,,,,,,,,,,,,,
12,'rs4240748','"92',246,'786"','−0',59,,0.011,,'.59 · 10−8',0,6,,0.014,,'.66 · 10−1','−',0.009,0,10,3,'64 · 10−1','C/G',0.376,0.375
'"2',,,,,,,,,,,,,,,,,,,,,,,,,
'rs2909457162',845,'855−0.058',,,,,,,,,,,,,,,,,,,,,,,
'0.0114.62 · 10−8',,,,,,,,,,,,,,,,,,,,,,,,,
'0.0200.0141.46 · 10−1',,,,,,,,,,,,,,,,,,,,,,,,,
'0.0000.0099.99 · 10−1',,,,,,,,,,,,,,,,,,,,,,,,,
'A/G0.5580.553"',,,,,,,,,,,,,,,,,,,,,,,,,
19,'rs56873913','"50',91,'199"',0,69,,0.013,,'.69 · 10−8',0,4,,0.016,,'.06 · 10−1',,0.017,0,11,1,'13 · 10−1','T/G',0.753,0.75
'"12',,,,,,,,,,,,,,,,,,,,,,,,,
'rs10860964103',596,'4550.0590.0114.84 · 10−8',,,,,,,,,,,,,,,,,,,,,,,
'0.0100.0144.79 · 10−1',,,,,,,,,,,,,,,,,,,,,,,,,
'0.0180.0096.07 · 10−2',,,,,,,,,,,,,,,,,,,,,,,,,
'T/C0.6220.620"',,,,,,,,,,,,,,,,,,,,,,,,,
'chr5:140143664:I','"140',143,'664"',0,56,,0.01,,'.85 · 10−8',0,15,,0.014,,'.79 · 10−1',,,,,,,'CATTGAAAGAAA/C',0.474,0.47,
